{
  "A": [
    {
      "id": 1,
      "name": "安徽"
    }
  ],
  "B": [
    {
      "id": 2,
      "name": "北京"
    }
  ],
  "C": [
    {
      "id": 3,
      "name": "重庆"
    }
  ],
  "F": [
    {
      "id": 4,
      "name": "福建"
    }
  ],
  "G": [
    {
      "id": 5,
      "name": "甘肃"
    },
    {
      "id": 6,
      "name": "广东"
    },
    {
      "id": 7,
      "name": "广西"
    },
    {
      "id": 8,
      "name": "贵州"
    }
  ],
  "H": [
    {
      "id": 9,
      "name": "海南"
    },
    {
      "id": 10,
      "name": "河北"
    },
    {
      "id": 11,
      "name": "湖南"
    },
    {
      "id": 12,
      "name": "湖北"
    },
    {
      "id": 13,
      "name": "河南"
    },
    {
      "id": 14,
      "name": "黑龙江"
    }
  ],
  "J": [
    {
      "id": 15,
      "name": "吉林"
    },
    {
      "id": 16,
      "name": "江西"
    }
  ],
  "L": [
    {
      "id": 17,
      "name": "辽宁"
    }
  ],
  "N": [
    {
      "id": 18,
      "name": "内蒙古"
    },
    {
      "id": 19,
      "name": "宁夏"
    }
  ],
  "Q": [
    {
      "id": 20,
      "name": "青海"
    }
  ],
  "S": [
    {
      "id": 21,
      "name": "山东"
    },
    {
      "id": 22,
      "name": "山西"
    },
    {
      "id": 23,
      "name": "上海"
    },
    {
      "id": 24,
      "name": "四川"
    }
  ],
  "T": [
    {
      "id": 25,
      "name": "天津"
    }
  ],
  "X": [
    {
      "id": 26,
      "name": "西藏"
    },
    {
      "id": 27,
      "name": "新疆"
    }
  ],
  "Y": [
    {
      "id": 28,
      "name": "云南"
    }
  ],
  "Z": [
    {
      "id": 29,
      "name": "浙江"
    }
  ]
}